{
  "channels": [
    "defaults"
  ],
  "conda_build_version": "3.15.1",
  "conda_private": false,
  "conda_version": "4.5.11",
  "description": "Caffe is a deep learning framework brewed for expression, speed,modularity, openness and community.\n",
  "doc_source_url": "https://github.com/BVLC/caffe",
  "doc_url": "http://caffe.berkeleyvision.org/tutorial/",
  "env_vars": {
    "CIO_TEST": "<not set>"
  },
  "extra": {
    "copy_test_source_files": true,
    "final": true
  },
  "home": "http://caffe.berkeleyvision.org/",
  "identifiers": [],
  "keywords": [],
  "license": "BSD 2-Clause",
  "license_family": "BSD",
  "root_pkgs": [
    "ruamel_yaml 0.15.35 py36h14c3975_1",
    "tk 8.6.7 hc745277_3",
    "pycosat 0.6.3 py36h0a5515d_0",
    "setuptools 38.4.0 py36_0",
    "requests 2.18.4 py36he2e5f8d_1",
    "six 1.11.0 py36h372c433_1",
    "conda-env 2.6.0 h36134e3_1",
    "yaml 0.1.7 had09818_2",
    "libgcc-ng 7.2.0 h7cc24e2_2",
    "cryptography 2.1.4 py36hd09be54_0",
    "libstdcxx-ng 7.2.0 h7a57d05_2",
    "cffi 1.11.4 py36h9745a5d_0",
    "pycparser 2.18 py36hf9f622e_1",
    "chardet 3.0.4 py36h0f667ec_1",
    "pip 9.0.1 py36h6c6f9ce_4",
    "pyopenssl 17.5.0 py36h20ba746_0",
    "idna 2.6 py36h82fb2a8_1",
    "urllib3 1.22 py36hbe7ace6_0",
    "zlib 1.2.11 ha838bed_2",
    "readline 7.0 ha6073c6_4",
    "pysocks 1.6.7 py36hd97a5b1_1",
    "libffi 3.2.1 hd88cf55_4",
    "asn1crypto 0.24.0 py36_0",
    "wheel 0.30.0 py36hfd4bba0_1",
    "certifi 2018.8.24 py36_1",
    "sqlite 3.24.0 h84994c4_0",
    "conda-build 3.15.1 py36_0",
    "pytz 2018.5 py36_0",
    "python 3.6.6 hc3d631a_0",
    "libedit 3.1.20170329 h6b74fdf_2",
    "ncurses 6.1 hf484d3e_0",
    "xz 5.2.4 h14c3975_4",
    "tqdm 4.26.0 py36h28b3542_0",
    "conda 4.5.11 py36_0",
    "git 2.18.0 pl526hb37396a_0",
    "libssh2 1.8.0 h9cfc8f7_4",
    "libcurl 7.61.0 h1ad7b7a_0",
    "expat 2.2.5 he0dffb1_0",
    "perl 5.26.2 h14c3975_0",
    "pyyaml 3.13 py36h14c3975_0",
    "glob2 0.6 py36_0",
    "pkginfo 1.4.2 py36_1",
    "beautifulsoup4 4.6.3 py36_0",
    "filelock 3.0.4 py36_0",
    "markupsafe 1.0 py36h14c3975_1",
    "psutil 5.4.6 py36h14c3975_0",
    "patchelf 0.9 hf484d3e_2",
    "ca-certificates 2018.03.07 0",
    "openssl 1.0.2p h14c3975_0",
    "jinja2 2.10 py36_0"
  ],
  "summary": "A deep learning framework made with expression, speed, and modularity in mind.",
  "tags": []
}