{
  "channels": [
    "defaults"
  ],
  "conda_build_version": "3.15.1",
  "conda_private": false,
  "conda_version": "4.5.11",
  "description": "Caffe is a deep learning framework brewed for expression, speed,modularity, openness and community.\n",
  "doc_source_url": "https://github.com/BVLC/caffe",
  "doc_url": "http://caffe.berkeleyvision.org/tutorial/",
  "env_vars": {
    "CIO_TEST": "<not set>"
  },
  "extra": {
    "copy_test_source_files": true,
    "final": true
  },
  "home": "http://caffe.berkeleyvision.org/",
  "identifiers": [],
  "keywords": [],
  "license": "BSD 2-Clause",
  "license_family": "BSD",
  "root_pkgs": [
    "pyparsing 2.2.0 py36_0",
    "ruamel_yaml 0.11.14 py36_1",
    "wheel 0.29.0 py36_0",
    "yaml 0.1.6 0",
    "asn1crypto 0.22.0 py36_0",
    "cryptography 1.8.1 py36_0",
    "cffi 1.10.0 py36_0",
    "libffi 3.2.1 1",
    "setuptools 36.4.0 py36_1",
    "pyopenssl 17.0.0 py36_0",
    "pip 9.0.1 py36_1",
    "six 1.10.0 py36_0",
    "zlib 1.2.11 0",
    "packaging 16.8 py36_0",
    "requests 2.14.2 py36_0",
    "pycparser 2.18 py36_0",
    "idna 2.6 py36_0",
    "certifi 2018.8.24 py36_1",
    "conda-build 3.15.1 py36_0",
    "pytz 2018.5 py36_0",
    "python 3.6.6 hc3d631a_0",
    "openssl 1.0.2p h14c3975_0",
    "xz 5.2.4 h14c3975_4",
    "tqdm 4.26.0 py36h28b3542_0",
    "conda 4.5.11 py36_0",
    "tk 8.6.7 hc745277_3",
    "libssh2 1.8.0 h9cfc8f7_4",
    "libcurl 7.61.0 h1ad7b7a_0",
    "expat 2.2.5 he0dffb1_0",
    "sqlite 3.24.0 h84994c4_0",
    "libedit 3.1.20170329 h6b74fdf_2",
    "ncurses 6.1 hf484d3e_0",
    "ca-certificates 2018.03.07 0",
    "readline 7.0 ha6073c6_4",
    "git 2.17.1 pl526hb37396a_0",
    "perl 5.26.2 h14c3975_0",
    "chardet 3.0.4 py36_1",
    "pycosat 0.6.3 py36h14c3975_0",
    "glob2 0.6 py36_0",
    "pkginfo 1.4.2 py36_1",
    "filelock 3.0.4 py36_0",
    "markupsafe 1.0 py36h14c3975_1",
    "psutil 5.4.6 py36h14c3975_0",
    "pyyaml 3.12 py36hafb9ca4_1",
    "conda-env 2.6.0 1",
    "patchelf 0.9 hf484d3e_2",
    "beautifulsoup4 4.6.0 py36_1",
    "jinja2 2.10 py36_0",
    "libstdcxx-ng 7.2.0 hdf63c60_3",
    "libgcc-ng 7.2.0 hdf63c60_3"
  ],
  "summary": "A deep learning framework made with expression, speed, and modularity in mind.",
  "tags": []
}