{
  "channels": [
    "defaults"
  ],
  "conda_build_version": "3.17.8",
  "conda_private": false,
  "conda_version": "4.6.2",
  "description": "Caffe is a deep learning framework brewed for expression, speed,modularity, openness and community.\n",
  "doc_source_url": "https://github.com/BVLC/caffe",
  "doc_url": "http://caffe.berkeleyvision.org/tutorial/",
  "env_vars": {
    "CIO_TEST": "<not set>"
  },
  "extra": {
    "copy_test_source_files": true,
    "final": true
  },
  "home": "http://caffe.berkeleyvision.org/",
  "identifiers": [],
  "keywords": [],
  "license": "BSD 2-Clause",
  "license_family": "BSD",
  "root_pkgs": [
    "krb5 1.16.1 h173b8e3_7",
    "glob2 0.6 py37_1",
    "zstd 1.3.7 h0b5b093_0",
    "libarchive 3.3.3 h5d8350f_5",
    "libstdcxx-ng 8.2.0 hdf63c60_1",
    "pyyaml 3.13 py37h14c3975_0",
    "ipython_genutils 0.2.0 py37_0",
    "setuptools 40.6.3 py37_0",
    "jinja2 2.10 py37_0",
    "git 2.19.1 pl526hacde149_0",
    "filelock 3.0.10 py37_0",
    "asn1crypto 0.24.0 py37_0",
    "gxx_linux-64 7.3.0 h553295d_6",
    "liblief 0.9.0 h7725739_2",
    "beautifulsoup4 4.7.1 py37_1",
    "chardet 3.0.4 py37_1",
    "python-dateutil 2.7.5 py37_0",
    "ncurses 6.1 he6710b0_1",
    "cffi 1.11.5 py37he75722e_1",
    "decorator 4.3.0 py37_0",
    "binutils_linux-64 2.31.1 h6176602_6",
    "binutils_impl_linux-64 2.31.1 h6176602_1",
    "psutil 5.4.8 py37h7b6447c_0",
    "yaml 0.1.7 had09818_2",
    "pycosat 0.6.3 py37h14c3975_0",
    "icu 58.2 h9c2bf20_1",
    "jsonschema 2.6.0 py37_0",
    "certifi 2018.11.29 py37_0",
    "cryptography 2.4.2 py37h1ba5d50_0",
    "ca-certificates 2018.12.5 0",
    "sqlite 3.26.0 h7b6447c_0",
    "py-lief 0.9.0 py37h7725739_2",
    "pycparser 2.19 py37_0",
    "tk 8.6.8 hbc83047_0",
    "nbformat 4.4.0 py37_0",
    "conda-env 2.6.0 1",
    "urllib3 1.24.1 py37_0",
    "python-libarchive-c 2.8 py37_6",
    "wheel 0.32.3 py37_0",
    "tqdm 4.29.1 py_0",
    "bzip2 1.0.6 h14c3975_5",
    "traitlets 4.3.2 py37_0",
    "readline 7.0 h7b6447c_5",
    "pkginfo 1.5.0.1 py37_0",
    "lzo 2.10 h49e0be7_2",
    "patchelf 0.9 he6710b0_3",
    "libxml2 2.9.9 he19cac6_0",
    "ruamel_yaml 0.15.46 py37h14c3975_0",
    "requests 2.21.0 py37_0",
    "lz4-c 1.8.1.2 h14c3975_0",
    "pip 18.1 py37_0",
    "idna 2.8 py37_0",
    "zlib 1.2.11 h7b6447c_3",
    "gcc_linux-64 7.3.0 h553295d_6",
    "jupyter_core 4.4.0 py37_0",
    "pysocks 1.6.8 py37_0",
    "openssl 1.1.1a h7b6447c_0",
    "libssh2 1.8.0 h1ba5d50_4",
    "anaconda-client 1.7.2 py37_0",
    "gxx_impl_linux-64 7.3.0 hdf63c60_1",
    "libffi 3.2.1 hd88cf55_4",
    "soupsieve 1.7.1 py37_0",
    "expat 2.2.6 he6710b0_0",
    "libgcc-ng 8.2.0 hdf63c60_1",
    "six 1.12.0 py37_0",
    "xz 5.2.4 h14c3975_4",
    "clyent 1.2.2 py37_1",
    "pytz 2018.9 py37_0",
    "python 3.7.2 h0371630_0",
    "libcurl 7.63.0 h20c2e04_1000",
    "pyopenssl 18.0.0 py37_0",
    "libedit 3.1.20181209 hc058e9b_0",
    "gcc_impl_linux-64 7.3.0 habb00fd_1",
    "perl 5.26.2 h14c3975_0",
    "markupsafe 1.1.0 py37h7b6447c_0",
    "curl 7.63.0 hbc83047_1000",
    "conda-build 3.17.8 py37_0",
    "conda 4.6.2 py37_0"
  ],
  "summary": "A deep learning framework made with expression, speed, and modularity in mind.",
  "tags": []
}