{
  "arch": "x86_64",
  "build": "py37h999e8d7_5",
  "build_number": 5,
  "depends": [
    "blas 1.0 mkl",
    "boost",
    "cudatoolkit >=10.0.130,<10.1.0a0",
    "cudnn >=7.3.1,<8.0a0",
    "gflags >=2.2.2,<2.3.0a0",
    "glog >=0.3.5,<0.3.6.0a0",
    "h5py",
    "hdf5 >=1.10.2,<1.10.3.0a0",
    "ipython",
    "leveldb >=1.20,<1.21.0a0",
    "libboost >=1.67.0,<1.67.1.0a0",
    "libgcc-ng >=5.4.0",
    "libopencv >=3.4.2,<3.4.3.0a0",
    "libstdcxx-ng >=5.4.0",
    "lmdb >=0.9.23,<1.0a0",
    "matplotlib",
    "mkl >=2019.1,<2020.0a0",
    "networkx",
    "numpy >=1.15.4,<2.0a0",
    "pandas",
    "protobuf",
    "py-boost",
    "py-opencv >=3.4.2,<3.5.0a0",
    "python >=3.7,<3.8.0a0",
    "python-dateutil",
    "python-gflags",
    "python-leveldb",
    "pyyaml",
    "scikit-image",
    "scipy",
    "six",
    "snappy >=1.1.7,<2.0a0"
  ],
  "license": "BSD 2-Clause",
  "license_family": "BSD",
  "name": "caffe-gpu",
  "platform": "linux",
  "subdir": "linux-64",
  "timestamp": 1549044412277,
  "version": "1.0"
}